example_id,label,id,article_id,statement
DS-1,Đúng,"Luật Phòng, chống ma túy",32,"Người nghiện ma túy từ đủ 18 tuổi trở lên bị áp dụng biện pháp xử lý hành chính đưa vào cơ sở cai nghiện bắt buộc theo quy định của Luật Xử lý vi phạm hành chính khi bị phát hiện sử dụng chất ma túy một cách trái phép trong thời gian cai nghiện ma túy tự nguyện, đúng hay sai?"
DS-2,Đúng,Luật Hôn nhân và gia đình,3,"Quan hệ hôn nhân và gia đình có yếu tố nước ngoài là quan hệ hôn nhân và gia đình mà ít nhất một bên tham gia là người nước ngoài, người Việt Nam định cư ở nước ngoài, đúng hay sai?"
DS-3,Đúng,Luật Cư trú,38,"Trường hợp thông tin trong Sổ hộ khẩu còn hiệu lực có thông tin khác với thông tin trong Cơ sở dữ liệu về cư trú thì sử dụng thông tin trong Cơ sở dữ liệu về cư trú, đúng hay sai?"
DS-4,Sai,Luật Du lịch,39,"Theo Luật Du Lịch, hợp đồng lữ hành không cần phải được lập thành văn bản. Đúng hay sai?"
DS-5,Đúng,Luật Trọng tài thương mại,3,"""Trọng tại thương mại"" là phương thức giải quyết tranh chấp do các bên thỏa thuận và được tiến hành theo quy định của Luật Trọng tài Thương mại."
DS-6,Sai,Luật Trọng tài thương mại,18,"Thỏa thuận trọng tài vô hiệu khi người xác lập thoả thuận trọng tài không có năng lực hành vi dân sự theo quy định của Bộ luật hình sự, đúng hay sai?"
DS-7,Đúng,Luật Hôn nhân và gia đình,24,"Chồng có thể uỷ quyền cho vợ xác lập, thực hiện và chấm dứt giao dịch theo quy định của Luật hôn nhân và gia đình, đúng hay sai?"
DS-8,Đúng,Luật Viên chức,29,"Trong trường hợp không được bố trí theo đúng vị trí việc làm, viên chức có quyền đơn phương chấm dứt hợp đồng làm việc có xác định thời hạn là đúng hay sai? "
DS-9,Sai,Luật Hôn nhân và gia đình,33,"Quyền sử dụng đất mà vợ, chồng có được sau khi kết hôn là tài sản chung của vợ chồng, kể cả trong trường hợp vợ hoặc chồng được thừa kế riêng, được tặng cho riêng, đúng hay sai?"
DS-10,Đúng,Luật Hôn nhân và gia đình,3,Việc sinh con bằng kỹ thuật hỗ trợ sinh sản là hành vi trong đó con người sử dụng phương pháp nhân tạo thụ tinh hoặc thụ tinh trong ống nghiệm để sinh con.
DS-11,Đúng,Luật Hôn nhân và gia đình,14,"Nam nữ có đủ điều kiện kết hôn theo quy định của Luật hôn nhân và gia đình chung sống với nhau như vợ chồng mà không đăng ký kết hôn thì không phát sinh quyền, nghĩa vụ giữa vợ và chồng, đúng hay sai?"
DS-12,Đúng,Luật Cư trú,29,"Lý do, thời điểm xóa đăng ký tạm trú phải được ghi rõ trong Cơ sở dữ liệu về cư trú khi xóa đăng ký tạm trú, đúng hay sai?"
DS-13,Sai,Luật Giáo dục,11,"Bộ Giáo dục và Đào tạo chịu trách nhiệm về quy định việc dạy và học bằng tiếng nước ngoài trong cơ sở giáo dục."
DS-14,Sai,Luật Hôn nhân và gia đình,29,"Chồng có nguồn thu nhập nhiều hơn vợ thì chồng có quyền chiếm hữu, sử dụng tài sản chung nhiều hơn so với vợ, đúng hay sai?"
DS-15,Đúng,"Luật Phòng, chống ma túy",33,"Người nghiện ma túy từ đủ 12 tuổi đến dưới 18 tuổi bị đưa vào cơ sở cai nghiện bắt buộc khi không đăng ký, không thực hiện hoặc tự ý chấm dứt cai nghiện ma túy tự nguyện, đúng hay sai?"
DS-16,Đúng,Luật Cư trú,36,"Cơ sở dữ liệu về cư trú là tài sản quốc gia do Bộ Công an thống nhất quản lý, đúng hay sai?"
DS-17,Sai,Luật Cư trú,4,"Người bị kết án phạt tù đã có quyết định thi hành án nhưng đang tại ngoại hoặc được hoãn chấp hành án vẫn có thể tự do cư trú, đúng hay sai?"
DS-18,Đúng,Luật Cư trú,20,"Công dân có chỗ ở hợp pháp thuộc quyền sở hữu của mình thì được đăng ký thường trú tại chỗ ở hợp pháp đó, đúng hay sai?"
DS-19,Sai,"Luật Phòng, chống ma túy",36,"Cơ sở cai nghiện ma túy tự nguyện là do cơ quan nhà nước thành lập ra, đúng hay sai?"
DS-20,Sai,Luật Trọng tài thương mại,3,"Trọng tài viên là người được các bên lựa chọn hoặc được Trung tâm trọng tài hoặc Tòa án chỉ định để giải quyết tranh chấp theo quy định của Luật Tố tụng hành chính, đúng hay sai?"
DS-21,Đúng,Luật Giáo dục,21,"Không được phép lợi dụng hoạt động giáo dục để xuyên tạc chủ trương và chống phá nhà nước Cộng hòa xã hội chủ nghĩa Việt Nam, đúng hay sai?"
DS-22,Sai,Luật Cư trú,27,"Thời hạn tạm trú tối đa là 02 năm và có thể gia hạn thêm nhiều nhất 02 lần, đúng hay sai?"
DS-23,Đúng,Luật Cư trú,12,"Người chưa thành niên có nguyện vọng học xa gia đình có thể cư trú tại nơi cư trú khác với cha, mẹ, đúng hay sai?"
DS-24,Đúng,Luật Trọng tài thương mại,15,Bộ Tư pháp chịu trách nhiệm trước Chính phủ thực hiện quản lý nhà nước về Trọng tài
DS-25,Sai,Luật Giáo dục,4,"Phát triển giáo dục không phải là quốc sách hàng đầu, đúng hay sai?"
DS-26,Đúng,"Luật Phòng, chống ma túy",24,"Trách nhiệm của người sử dụng ma túy là phải chấp hành việc quản lý của cơ quan nhà nước, cụ thể là Ủy ban nhân dân cấp xã, phường, đúng hay sai?"
DS-27,Sai,Luật Trọng tài thương mại,4,"Giải quyết tranh chấp bằng Trọng Tài luôn phải được tiến hành công khai, kể cả khi các bên có thỏa thuận khác, đúng hay sai?"
DS-28,Đúng,Luật Trọng tài thương mại,21,"Trọng tài viên có quyền từ chối giải quyết tranh chấp, đúng hay sai?"
DS-29,Đúng,Luật Điện ảnh,15,Cơ sở điện ảnh phát hành phim phải chịu trách nhiệm trước pháp luật về nội dung phim phát hành là đúng hay sai?
DS-30,Sai,Luật Cư trú,38,"Bắt buộc phải thu hồi sổ hộ khẩu khi sổ này hết giá trị sử dụng kể từ ngày 01/01/2023, đúng hay sai?"
DS-31,Đúng,Luật Hôn nhân và gia đình,33,"Đối với tài sản đang xảy ra tranh chấp, nếu không có căn cứ chứng minh được đó là tài sản riêng của vợ hay chồng, thì tài sản đó coi là tài sản chung, đúng hay sai?"
DS-32,Sai,Luật Giáo dục,6,"Bộ trưởng Bộ Giáo dục và Đào tạo không được quy định ngưỡng đầu vào trình độ cao đẳng, trình độ đại học thuộc ngành đào tạo giáo viên, đúng hay sai?"
DS-33,Sai,Luật Điện ảnh,32,"Theo Luật điện ảnh, đối với Phim được phân loại là C thì người xem là trẻ em dưới 13 tuổi bắt buộc phải có cha mẹ hoặc người giám hộ đi cùng là đúng hay sai?"
DS-34,Sai,Luật Điện ảnh,8,"Nhà văn hóa, đơn vị chiếu phim, câu lạc bộ và hiệp hội chiếu phim công cộng, đội chiếu phim lưu động của Việt Nam được phép tham gia hợp tác kinh doanh với nhà cung cấp dịch vụ nước ngoài là đúng hay sai?"
DS-35,Đúng,Luật Giáo dục,8,"Chương trình giáo dục cần phải thể hiện mục tiêu giáo dục và yêu cầu người học phải đạt về phẩm chất và năng lực tương ứng, đúng hay sai?"
DS-36,Đúng,Luật Điện ảnh,27,"Phim đã được Bộ Văn hóa, Thể thao và Du lịch, Ủy ban nhân dân cấp tỉnh cấp giấy phép phân loại phim sẽ có giá trị trên toàn quốc là đúng hay sai? "
DS-37,Sai,Luật Trọng tài thương mại,2,"Luật trọng tài thương mại có thẩm quyền giải quyết tranh chấp giữa các bên không có hoạt động thương mại và pháp luật không quy định được giải quyết bằng trọng tài, đúng hay sai?"
DS-38,Đúng,Luật Hôn nhân và gia đình,30,"Vợ, chồng phải đóng góp tài sản riêng của mình để đáp ứng nhu cầu thiết yếu của gia đình, đúng hay sai?"
DS-39,Sai,Luật Giáo dục,10,"Bộ Giáo dục và Đào tạo chịu trách nhiệm về việc quy định việc liên thông giữa các cấp học, trình độ đào tạo trong hệ thống giáo dục quốc dân."
DS-40,Đúng,"Luật Phòng, chống ma túy",13,"Cơ quan nhà nước có thẩm quyền theo dõi, kiểm tra, và giám sát các hoạt động nghiên cứu, sản xuất chất ma túy (không bao gồm trồng cây có chứa chất ma túy), đúng hay sai?"
DS-41,Sai,"Luật Phòng, chống ma túy",31,"Cơ sở cai nghiện ma túy không có trách nhiệm cấp giấy xác nhận hoàn thành cai nghiện ma túy tự nguyện cho người cai nghiện ma túy, đúng hay sai?"
DS-42,Đúng,Luật Điện ảnh,5,"Hợp tác quốc tế, nghiên cứu khoa học, chuyển giao công nghệ, cung cấp dịch vụ kỹ thuật số để phát triển điện ảnh là một trong các chính sách của nhà nước về phát triển điện ảnh, công nghiệp điện ảnh là đúng hay sai?"
DS-43,Sai,Luật Hôn nhân và gia đình,20,"Việc lựa chọn nơi cư trú của vợ chồng do phong tục tập quán của gia đình nhà chồng quyết định, đúng hay sai?"
DS-44,Đúng,Luật Cư trú,31,"Trường hợp công dân không trong độ tuổi nhập ngũ, nếu đi du học, xuất khẩu lao động không cần phải khai báo tạm vắng, đúng hay sai?"
DS-45,Sai,Luật Trọng tài thương mại,20,"Công chức thuộc Tòa án nhân dân có trình độ đại học và đã qua thực tế công tác theo ngành đã học từ 5 năm trở lên đủ tiêu chuẩn làm Trọng tài viên, đúng hay sai?"
DS-46,Sai,Luật Hôn nhân và gia đình,3,"Ly hôn là việc lợi dụng ly hôn để trốn tránh nghĩa vụ tài sản, vi phạm chính sách, pháp luật về dân số hoặc để đạt được mục đích khác mà không nhằm mục đích chấm dứt hôn nhân, đúng hay sai?"
DS-47,Sai,Luật Điện ảnh,5,"Nhà nước chỉ đầu tư, hỗ trợ các hoạt động sản xuất phim, sáng tác kịch bản phim và phát hành, phổ biến phim là đúng hay sai? "
DS-48,Sai,Luật Trọng tài thương mại,14,"Trong tranh chấp không có yếu tố nước ngoài, hội đồng trọng tài có thể áp dụng luật quốc tế để giải quyết, đúng hay sai?"
DS-49,Sai,Luật Cư trú,36,"Cơ quan, tổ chức, cá nhân có thể tự do cung cấp, trao đổi, sao chép, in thông tin, tài liệu từ Cơ sở dữ liệu về cư trú, đúng hay sai?"
DS-50,Sai,Luật Giáo dục,9,"Hướng nghiệp trong giáo dục không nhất thiết phải giúp học sinh có kiến thức về nghề nghiệp và khả năng lựa chọn nghề nghiệp trên cơ sở kết hợp nguyện vọng, sở trường của cá nhân với nhu cầu sử dụng lao động của xã hội, đúng hay sai?"
TN-1,A,Luật Viên chức,29,Viên chức bị đơn vị sự nghiệp đơn phương chấm dứt hợp đồng trong trường hợp nào?
TN-2,D,Luật Du lịch,54,"Theo Luật Du Lịch, các loại dịch vụ du lịch khác bao gồm điều nào dưới đây? Chọn câu trả lời đúng nhất."
TN-3,C,Luật Cư trú,23,Địa điểm nào sau đây được phép đăng ký thường trú mới?
TN-4,A,Luật Viên chức,46,"Thông báo nghỉ hưu đối với viên chức được cơ quan, đơn vị, tổ chức ban hành trong thời gian bao lâu trước khi đến thời hạn viên chức nghỉ hưu? "
TN-5,C,Luật Điện ảnh,12,Hoạt động của trường quay bao gồm các hoạt động nào sau đây?
TN-6,B,Luật Trọng tài thương mại,10,Trường hợp nào sau đây ngôn ngữ được sử dụng trong tố tụng không phải là tiếng Việt?
TN-7,D,"Luật Phòng, chống ma túy",4,"Nguồn tài chính nào sau đây được dùng cho phòng, chống ma túy?"
TN-8,D,"Luật Phòng, chống ma túy",29,Quy trình cai nghiệm ma túy bao gồm những giai đoạn nào sau đây?
TN-9,D,Luật Giáo dục,35,Có bao nhiêu trình độ giáo dục nghề nghiệp được đào tạo?
TN-10,C,Luật Cư trú,21,Hồ sơ đăng ký thường trú của công dân có chỗ ở hợp pháp thuộc quyền sở hữu của mình bao gồm những gì?
TN-11,D,Luật Trọng tài thương mại,2,Trọng tài có thẩm quyền giải quyết tranh chấp trong những trường hợp nào?
TN-12,B,Luật Cư trú,7,Hành vi nào sau đây không thuộc hành vi bị nghiêm cấm về cư trú?
TN-13,C,Luật Hôn nhân và gia đình,4,Đâu không phải là vai trò của nhà nước là gì trong việc bảo hộ hôn nhân và gia đình?
TN-14,A,Luật Hôn nhân và gia đình,35,"Vợ chồng có quyền như nào trong việc chiếm hữu, sử dụng và định đoạt tài sản chung"
TN-15,C,Luật Du lịch,59,Đâu không phải là điều kiện cấp thẻ dướng dẫn viên du lịch?
TN-16,B,Luật Cư trú,33,Điều nào sau đây không thuộc trách nhiệm của cơ quan đăng ký cư trú?
TN-17,D,Luật Điện ảnh,27,Đơn vị nào có thẩm quyền cấp giấy phép phân loại phim?
TN-18,C,Luật Hôn nhân và gia đình,82,"Đâu không phải là nghĩa vụ, quyền của cha, mẹ không trực tiếp nuôi con sau khi ly hôn"
TN-19,D,Luật Trọng tài thương mại,5,Điều kiện để giải quyết tranh chấp bằng trọng tài là gì?
TN-20,B,Luật Trọng tài thương mại,9,"Trong tố tụng trọng tài, các bên có thể thương lượng, hòa giải với nhau như thế nào?"
TN-21,A,Luật Cư trú,25,"Thời hạn cơ quan đăng ký cư trú thẩm định, cập nhật thông tin về hộ gia đình liên quan đến việc tách hộ vào Cơ sở dữ liệu về cư trú là bao lâu kể từ ngày nhận được hồ sơ đầy đủ và hợp lệ?"
TN-22,B,Luật Hôn nhân và gia đình,71,"Cha mẹ KHÔNG có nghĩa vụ cùng nhau chăm sóc, nuôi dưỡng con khi nào "
TN-23,A,"Luật Phòng, chống ma túy",2,Cây có chứa chất ma túy là cây gì?
TN-24,D,Luật Trọng tài thương mại,14,Điều nào dưới đây nằm trong luật áp dụng giải quyết tranh chấp được quy định trong Luật Trọng tài thương mại?
TN-25,A,Luật Trọng tài thương mại,18,Trong trường hợp nào thỏa thuận trọng tài bị vô hiệu?
TN-26,A,Luật Trọng tài thương mại,19,Thỏa thuận trọng tài có độc lập với hợp đồng hay không?
TN-27,B,"Luật Phòng, chống ma túy",2,Chất hướng thần được định nghĩa là gì?
TN-28,B,Luật Du lịch,50,Hồ sơ đăng ký công nhận hạng cơ sở lưu trú du lịch không bao gồm?
TN-29,C,Luật Viên chức,29,Trong trường hợp nào thì đơn vị sự nghiệp công lập được đơn phương chấm dứt hợp đồng lao động đối với viên chức?
TN-30,D,Luật Du lịch,72,Nguyên tắc hoạt động của Quỹ hỗ trợ phát triển du lịch không bao gồm điều nào dưới đây?
TN-31,D,Luật Điện ảnh,31,"Đơn vị nào có thẩm quyền thành lập hội đồng thẩm định, phân loại phim?"
TN-32,C,Luật Điện ảnh,43,Quỹ hỗ trợ phát triển điện ảnh có mục đích gì?
TN-33,B,Luật Du lịch,75,"Theo Luật Du Lịch về trách nhiệm quản lý nhà nước về du lịch, ủy ban nhân dân các cấp không có nhiệm vụ, quyền hạn nào sau đây?"
TN-34,B,Luật Trọng tài thương mại,22,Hiệp hội trọng tài là gì?
TN-35,D,Luật Hôn nhân và gia đình,5,Hành vi nào sau đây bị cấm?
TN-36,D,"Luật Phòng, chống ma túy",35,Cơ sở cai nghiện ma túy công lập phải bố trí các khu gì?
TN-37,C,Luật Cư trú,20,"Trường hợp nào sau đây không được đăng ký thường trú tại cơ sở tín ngưỡng, cơ sở tôn giáo có công trình phụ trợ là nhà ở?"
TN-38,C,Luật Giáo dục,36,Mục tiêu của giáo dục nghề nghiệp là gì?
TN-39,C,Luật Giáo dục,42,Nhiệm vụ của giáo dục thường xuyên là gì?
TN-40,C,"Luật Phòng, chống ma túy",28,Các biện pháp cai nghiện ma túy là những biện pháp nào sau đây?
TL-1,10 ngày,Luật Trọng tài thương mại,32,"Trong trường hợp các bên không có thỏa thuận khác hoặc quy tắc tố tụng của trung tâm trọng tài không có quy định khác, Trung tâm trọng tài phải gửi cho bị đơn bản sao đơn khởi kiện của nguyên đơn và những tài liệu theo quy định trong thời hạn bao lâu kể từ ngày nhận được đơn khởi kiện?"
TL-2,3 cm x 4 cm,Luật Du lịch,63,Hồ sơ đề nghị cấp lại thẻ hướng dẫn viên du lịch bao gồm ảnh chân dung màu cỡ bao nhiêu?
TL-3,1 năm,"Luật Phòng, chống ma túy",23,"Thời hạn quản lý người sử dụng trái phép chất ma túy là bao lâu kể từ ngày Chủ tịch Ủy ban nhân dân cấp xã, phường ra quyết định quản lý?"
TL-4,"Tổ chức, điều phối hoạt động giải quyết tranh chấp bằng Trọng tài quy chế và hỗ trợ Trọng tài viên về các mặt hành chính, văn phòng và các trợ giúp khác trong quá trình tố tụng trọng tài.",Luật Trọng tài thương mại,23,Chức năng của Trung tâm trọng tài là gì?
TL-5,"Công dân chỉ cần xuất trình thẻ CMND/CCCD, cơ quan có thẩm quyền sẽ tra cứu được các thông tin cư trú trong hệ thống cơ sở dữ liệu quốc gia.",Luật Cư trú,37,Sau khi sổ hộ khẩu hết hiệu lực (hết ngày 31/12/2022) thì chứng minh nơi thường trú bằng cách nào?
TL-6,đăng ký kết hôn,Luật Hôn nhân và gia đình,9,Vợ chồng đã ly hôn muốn xác lập lại quan hệ vợ chồng thì cần làm thủ tục gì?
TL-7,Cán bộ quản lý giáo dục,Luật Giáo dục,18,"Ai là người giữ vai trò quan trọng trong việc quản lý, tổ chức, và điều hành các hoạt động giáo dục?"
TL-8,Ngân sách nhà nước,Luật Giáo dục,17,Nguồn tài chính nào giữ vai trò chủ đạo trong tổng nguồn lực đầu tư cho giáo dục?
TL-9,"Bộ Văn hóa, Thể thao và Du lịch",Luật Điện ảnh,45,Cơ quan nào có trách nhiệm là cơ quan giúp Chính phủ thực hiện quản lý nhà nước về điện ảnh?
TL-10,Chính phủ,Luật Điện ảnh,45,Cơ quan nào có trách nhiệm thống nhất quản lý nhà nước về điện ảnh?
