example_id,label,statement,id,article_id,location,qa_answer
q9zjh7Uw7Q,No,Người xem dưới 16 tuổi được xem phim có nội dung thuộc phân loại T18,Luật Điện ảnh 2022,32,Luật Điện ảnh 2022: 32,"
Ví dụ:
Trích lại điều luật: Điều 32 Luật Điện ảnh 2022
Suy luận: Dựa trên tiêu chí phân loại phim được nêu trong Điều 32 Luật Điện ảnh 2022, chúng ta biết rằng phim được phân loại thành nhiều hạng mục dựa trên nội dung của nó. Các hạng mục bao gồm P, T18, T16, T13 và K. Hạng mục T18 dành cho người xem từ đủ 18 tuổi trở lên.
Kết luận: Hoàn toàn sai "
ckQFn8y202,No,"Trong vòng 03 ngày làm việc, kể từ ngày người cai nghiện ma túy sử dụng dịch vụ hoặc tự ý chấm dứt việc sử dụng dịch vụ hoặc hoàn thành dịch vụ phải thông báo cho Ủy ban nhân dân cấp xã nơi người đó đăng ký cai nghiện ma túy tự nguyện tại gia đình, cộng đồng.","Luật Phòng, chống ma túy 2021",36,"Luật Phòng, chống ma túy 2021: 30","
Ví dụ:
Trích lại điều luật: Điều 36 Luật Phòng, chống ma túy 2021
Đưa ra suy luận của bạn: Theo Điều 36 Luật Phòng, chống ma túy 2021, trong thời hạn 05 ngày làm việc kể từ ngày người cai nghiện ma túy được tiếp nhận hoặc tự ý chấm dứt việc sử dụng dịch vụ hoặc hoàn thành quy trình cai nghiện ma túy phải thông báo cho Ủy ban nhân dân cấp xã nơi người đó đăng ký cai nghiện ma túy tự nguyện.
Kết luận: Hoàn Toàn Đúng "
3ROu621ZEO,Yes,Viên chức có 02 năm liên tiếp bị phân loại đánh giá ở mức độ không hoàn thành nhiệm vụ,Luật Viên chức 2010,29,Luật Viên chức 2010: 29,"
Ví dụ:
Trích lại điều luật: Điều 29 Luật Viên chức 2010
Đưa ra suy luận của bạn: Theo Điều 29 Luật Viên chức 2010, đơn vị sự nghiệp công lập được đơn phương chấm dứt hợp đồng làm việc với viên chức nếu họ có hai năm liên tiếp bị phân loại đánh giá ở mức độ không hoàn thành nhiệm vụ.
Kết luận: Hoàn Toàn Đúng "
VT1QuVmhCc,Yes,Các biện pháp cai nghiện ma túy là những biện pháp nào sau đây?. Trả lời: Cai nghiện ma túy tự nguyện và Cai nghiện ma túy bắt buộc,"Luật Phòng, chống ma túy 2021",28,"Luật Phòng, chống ma túy 2021: 28","
Trích lại điều luật: Điều 41 Luật Phòng, chống ma túy 2021
Suy luận: Điều luật này đề cập đến hai loại hình cai nghiện ma túy: (1) Điều trị nghiện các chất dạng thuốc phiện bằng thuốc thay thế và (2) Các biện pháp khác theo quy định của Chính phủ.
Kết luận: Hoàn Toàn Đúng

Trích lại điều luật: Điều 2 Luật Phòng, chống ma túy 2021
Suy luận: Điều luật này xác định khái niệm cai nghiện ma túy như một quá trình nhằm mục đích ngừng sử dụng ma túy, thuốc gây nghiện và thuốc hướng thần cũng như cải thiện sức khỏe tổng quát.
Kết luận: Hoàn Toàn Đúng

Trích lại điều luật: Điều 38 Luật Phòng, chống ma túy 2021
Suy luận: Điều luật này nói rằng nhà nước sẽ áp dụng các biện pháp cai nghiện phù hợp cho tù"
0MwITLtbmg,No,"Viên chức thuộc một đơn vị sự nghiệp công lập hiện tại không được tham gia hợp đồng vụ, việc với các đơn vị, cơ quan, tổ chức khác",Luật Viên chức 2010,14,Luật Viên chức 2010: 14,"
Ví dụ:
Trích lại điều luật: Điều 58 Luật Viên chức 2010: d) Cán bộ, công chức được chuyển sang làm viên chức tại đơn vị sự nghiệp công lập khi đáp ứng các điều kiện theo quy định của Luật này;

Đưa ra suy luận của bạn: Theo điều luật trên, cán bộ, công chức có thể trở thành viên chức tại đơn vị sự nghiệp công lập nếu họ đáp ứng đủ điều kiện theo quy định của Luật.
Kết luận: Hoàn toàn đúng

Trích lại điều luật: Điều 56 Luật Viên chức 2010: 2. Viên chức bị kỷ luật từ khiển trách đến cách chức thì không thực hiện việc quy hoạch, đào tạo, bồi dưỡng, bổ nhiệm trong thời hạn 12 tháng, kể từ ngày quyết định kỷ luật có hiệu lực.

Đưa ra suy luận của bạn: Dựa trên điều luật trên, viên"
iWBRVGwBcb,No,Người từ đủ 14 tuổi đến dưới 18 tuổi đang cai nghiện ma túy bắt buộc mà bị phát hiện thực hiện hành vi phạm tội trước hoặc trong thời gian chấp hành quyết định cai nghiện ma túy bắt buộc và bị Tòa án xử phạt tù nhưng không được hưởng án treo thì không được miễn chấp hành thời gian còn lại trong quyết định đưa vào cơ sở cai nghiện bắt buộc.,"Luật Phòng, chống ma túy 2021",39,"Luật Phòng, chống ma túy 2021: 39","
Ví dụ:
Trích lại điều luật: Điều 33 Luật Phòng, chống ma túy 2021: 4. Việc đưa người nghiện ma túy từ đủ 12 tuổi đến dưới 18 tuổi vào cơ sở cai nghiện bắt buộc do Tòa án nhân dân cấp huyện quyết định và không phải là biện pháp xử lý hành chính.
Đưa ra suy luận của bạn: Theo điều luật này, việc đưa người nghiện ma túy từ đủ 12 tuổi đến dưới 18 tuổi vào cơ sở cai nghiện bắt buộc là một quyết định của tòa án chứ không phải là một hình thức xử lý hành chính.
Kết luận: Hoàn toàn đúng "
XsfBrLUkvw,No,"Trách nhiệm của Bộ Y tế trong việc phòng, chống ma túy là gì? Trả lời: Tổ chức công tác giám định chất ma túy và tiền chất","Luật Phòng, chống ma túy 2021",49,"Luật Phòng, chống ma túy 2021: 49","
Ví dụ:
Trích lại điều luật: Điều 46 Luật Phòng, chống ma túy 2021
Suy luận: Theo điều luật này, Bộ Công an chịu trách nhiệm chủ trì, phối hợp với cơ quan, tổ chức có liên quan trong phòng, chống ma túy; tổ chức tiếp nhận và xử lý thông tin tội phạm về ma túy; kiểm soát các hoạt động hợp pháp liên quan đến ma túy theo thẩm quyền.
Kết luận: Hoàn toàn đúng "
bu3nyKAUNT,No,"Người xem từ 18 tuổi trở lên được pháp xem phim có nội dung thuộc phân loại K với điều kiện xem cùng cha, mẹ hoặc người giám hộ",Luật Điện ảnh 2022,32,Luật Điện ảnh 2022: 32,"
Trích lại điều luật: Điều 32 Luật Điện ảnh 2022: đ) Loại K: Phim được phổ biến đến người xem dưới 13 tuổi với điều kiện xem cùng cha, mẹ hoặc người giám hộ;

Suy luận: Theo Điều 32 Luật Điện ảnh 2022, phim thuộc phân loại K được phép phổ biến đến người xem dưới 13 tuổi khi xem cùng cha, mẹ hoặc người giám hộ.

Kết luận: Hoàn Toàn Đúng "
msHHa3bELB,Yes,"Viên chức có quyền được đào tạo, bồi dưỡng nâng cao trình độ chính trị, chuyên môn, nghiệp vụ",Luật Viên chức 2010,11,Luật Viên chức 2010: 11,"
Trích lại điều luật: Điều 11 Luật Viên chức 2010
Đưa ra suy luận của bạn: Dựa trên điều luật này, chúng ta có thể thấy rằng viên chức có quyền được bảo vệ trong hoạt động nghề nghiệp của họ.
Kết luận: Hoàn Toàn Đúng

Trích lại điều luật: Điều 34 Luật Viên chức 2010
Đưa ra suy luận của bạn: Điều luật này nói rằng đơn vị sự nghiệp công lập có trách nhiệm xây dựng và tổ chức thực hiện kế hoạch đào tạo, bồi dưỡng viên chức.
Kết luận: Hoàn Toàn Đúng

Trích lại điều luật: Điều 74 Luật Giáo dục 2019
Đưa ra suy luận của bạn: Điều luật này nói rằng cơ sở giáo dục thực hiện nhiệm vụ đào tạo, bồi dưỡng nhà giáo, cán bộ quản lý giáo dục.
Kết luận: Hoàn Toàn Đúng

Trích lại điều luật"
RVV34aoTvI,No,Cơ sở giáo dục thường xuyên bao gồm trường đại học hay viện nghiên cứu.,Luật Giáo dục 2019,44,Luật Giáo dục 2019: 44,"
Ví dụ:
Trích lại điều luật: Điều 19 Luật Giáo dục 2019: 3. Nhà nước tạo điều kiện cho cơ sở giáo dục hoạt động khoa học và công nghệ, kết hợp đào tạo với nghiên cứu khoa học và sản xuất nhằm nâng cao chất lượng giáo dục; xây dựng cơ sở giáo dục thành trung tâm văn hóa, khoa học và công nghệ của địa phương hoặc của cả nước.
Đưa ra suy luận của bạn: Dựa trên điều luật này, rõ ràng rằng mục đích của cơ sở giáo dục không chỉ giới hạn trong việc giảng dạy mà còn mở rộng đến nghiên cứu khoa học và công nghệ.
Kết luận: Hoàn toàn đúng

Trích lại điều luật: Điều 65 Luật Giáo dục 2019: b) Trung tâm giáo dục thường xuyên, trung tâm giáo dục nghề nghiệp - giáo dục thường xuyên, trung tâm giáo dục nghề nghiệp, trung tâm học tập cộng đồng,"
M5lSCyhgJE,Yes,Người nghiện ma túy từ đủ 18 tuổi trở lên bị áp dụng biện pháp xử lý hành chính đưa vào cơ sở cai nghiện bắt buộc theo quy định của Luật Xử lý vi phạm hành chính khi bị phát hiện sử dụng chất ma túy một cách trái phép trong thời gian cai nghiện ma túy tự nguyện.,"Luật Phòng, chống ma túy 2021",32,"Luật Phòng, chống ma túy 2021: 32","
Ví dụ:
Trích lại điều luật: Điều 33 Luật Phòng, chống ma túy 2021: id: Luật Phòng, chống ma túy 2021
article_id: 33
text: Cai nghiện ma túy cho người từ đủ 12 tuổi đến dưới 18 tuổi

Đưa ra suy luận của bạn: Theo Điều 33 Luật Phòng, chống ma túy 2021, người nghiện ma túy từ đủ 12 tuổi đến dưới 18 tuổi bị đưa vào cơ sở cai nghiện bắt buộc nếu họ thuộc một trong các trường hợp như không đăng ký, không thực hiện hoặc tự ý chấm dứt cai nghiện ma túy tự nguyện hoặc trong thời gian cai nghiện ma túy tự nguyện bị phát hiện sử dụng trái phép chất ma túy.

Kết luận: Hoàn toàn đúng "
XEJo5sXAMr,No,"Cơ quan, tổ chức, đơn vị quản lý viên chức ra quyết định nghỉ hưu đối với viên chức trong thời hạn 06 tháng tính đến ngày viên chức nghỉ hưu",Luật Viên chức 2010,46,Luật Viên chức 2010: 46,"
Ví dụ:
Trích lại điều luật: Điều 112 Luật Giáo dục 2019: b) Bộ trưởng Bộ Giáo dục và Đào tạo quyết định thành lập hoặc cho phép thành lập, cho phép hoạt động, đình chỉ hoạt động, giải thể tổ chức kiểm định chất lượng giáo dục và quy định trách nhiệm, quyền hạn của tổ chức kiểm định chất lượng giáo dục đối với giáo dục mầm non, giáo dục phổ thông và giáo dục thường xuyên; quyết định công nhận, thu hồi quyết định công nhận tổ chức kiểm định chất lượng giáo dục nước ngoài hoạt động tại Việt Nam; quy định việc giám sát, đánh giá tổ chức kiểm định chất lượng giáo dục;

Suy luận: Dựa trên điều luật này, Bộ trưởng Bộ Giáo dục và Đào tạo có quyền lực để thành lập hoặc cho phép thành lập, cho phép hoạt động, đình chỉ hoạt động, giải thể tổ chức kiểm định chất lượng giáo dục và quy định trách"
sqjV9Bb2WH,Yes,"Mục tiêu của giáo dục đại học là nhằm đào tạo ra nhân lực trình độ cao, nâng cao dân trí và bồi dưỡng nhân tài.",Luật Giáo dục 2019,39,Luật Giáo dục 2019: 39,"
Ví dụ:
Trích lại điều luật: Điều 29 Luật Giáo dục 2019: 4. Giáo dục trung học phổ thông nhằm trang bị kiến thức công dân; bảo đảm cho học sinh củng cố, phát triển kết quả của giáo dục trung học cơ sở, hoàn thiện học vấn phổ thông và có hiểu biết thông thường về kỹ thuật, hướng nghiệp; có điều kiện phát huy năng lực cá nhân để lựa chọn hướng phát triển, tiếp tục học chương trình giáo dục đại học, giáo dục nghề nghiệp hoặc tham gia lao động, xây dựng và bảo vệ Tổ quốc.
Đưa ra suy luận của bạn: Dựa trên mục tiêu của giáo dục trung học phổ thông như được nêu trong điều luật này, chúng ta có thể suy luận rằng nó nhằm giúp học sinh củng cố và phát triển kết quả của giáo dục trung học cơ sở, đồng thời cung cấp cho họ kiến thức về công dân, kỹ thuật và hướng nghiệp. Nó cũng"
ZBC6orkgch,No,Có bao nhiêu trình độ đào tạo giáo dục đại học? Trả lời: 02 trình độ đào tạo giáo dục đại học,Luật Giáo dục 2019,38,Luật Giáo dục 2019: 38,"
Trích lại điều luật: Các trình độ đào tạo giáo dục đại học
Suy luận: Theo điều luật này, giáo dục đại học đào tạo trình độ đại học, trình độ thạc sĩ và trình độ tiến sĩ.
Kết luận: Hoàn Toàn Đúng "
LQv3sLibDh,Yes,"Trách nhiệm của người sử dụng ma túy là phải chấp hành việc quản lý của cơ quan nhà nước, cụ thể là Ủy ban nhân dân cấp xã, phường.","Luật Phòng, chống ma túy 2021",24,"Luật Phòng, chống ma túy 2021: 24","
Ví dụ:
Trích lại điều luật: Điều 25 Luật Phòng, chống ma túy 2021
Suy luận: Theo điều này, khi người sử dụng trái phép chất ma túy bị phát hiện thì cơ quan nhà nước như Ủy ban nhân dân cấp xã sẽ quản lý họ.
Kết luận: Hoàn Toàn Đúng "
EQqD60Y271,Yes,"Cán bộ quản lý giáo dục là người giữ vai trò quan trọng trong việc quản lý, tổ chức, và điều hành các hoạt động giáo dục.",Luật Giáo dục 2019,18,Luật Giáo dục 2019: 18,"
Ví dụ:
Trích lại điều luật: Điều 96 Luật Giáo dục 2019: 3. Cơ quan quản lý giáo dục, cơ sở giáo dục có trách nhiệm quản lý, sử dụng có hiệu quả phần ngân sách giáo dục được giao và nguồn thu khác theo quy định của pháp luật.
Đưa ra suy luận của bạn: Các cơ quan quản lý giáo dục và cơ sở giáo dục chịu trách nhiệm phân bổ và sử dụng hiệu quả kinh phí giáo dục và các nguồn thu khác theo quy định của pháp luật.
Kết luận: Hoàn Toàn Đúng "
fjoqioXeO1,No,"Trách nhiệm của Bộ Quốc phòng trong việc phòng, chống ma túy là gì? Trả lời: Thực hiện hợp tác quốc tế về cai nghiện ma túy","Luật Phòng, chống ma túy 2021",48,"Luật Phòng, chống ma túy 2021: 48","
Trích lại điều luật: Điều 48 Luật Phòng, chống ma túy 2021
Suy luận: Theo Điều 48, Bộ Quốc phòng chịu trách nhiệm ban hành theo thẩm quyền hoặc trình cơ quan nhà nước có thẩm quyền ban hành văn bản quy phạm pháp luật về phòng, chống ma túy và tổ chức thực hiện kế hoạch phòng, chống ma túy ở khu vực biên giới trên đất liền, trên biển, vùng tiếp giáp lãnh hải, vùng đặc quyền kinh tế và thềm lục địa.
Kết luận: Hoàn Toàn Đúng "
40giv2OvF6,No,Nhà trường bị giải thể trong trường hợp nào? Trả lời: Bảo đảm chất lượng giáo dục.,Luật Giáo dục 2019,51,Luật Giáo dục 2019: 51,"
Ví dụ:
Trích lại điều luật: Điều 51 Luật Giáo dục 2019: id: Luật Giáo dục 2019 article_id: 51 text: Sáp nhập, chia, tách, giải thể nhà trường
Đưa ra suy luận của bạn: Dựa chỉ điều luật đã cung cấp, chúng ta biết rằng nhà trường bị giải thể khi đáp ứng một số điều kiện cụ thể như hết thời hạn đình chỉ hoạt động giáo dục mà không khắc phục được nguyên nhân dẫn đến việc đình chỉ, mục tiêu và nội dung hoạt động trong quyết định thành lập hoặc cho phép thành lập nhà trường không còn phù hợp với nhu cầu phát triển kinh tế - xã hội, v.v...
Kết luận: Hoàn Toàn Đúng "
aS4Oxqxklj,Yes,Người từ 16 tuổi trở lên được phép xem phim có nội dung thuộc phân loại P,Luật Điện ảnh 2022,32,Luật Điện ảnh 2022: 32,"
Trích lại điều luật: Điều 32 Luật Điện ảnh 2022
Suy luận: Theo Điều 32 Luật Điện ảnh 2022, phim được phân loại thành bốn loại dựa trên nội dung của chúng - Loại P, Loại T18 (18+), Loại T16 (16+) và Loại T13 (13+).
Kết luận: Hoàn toàn đúng "
g4rqqRWpdb,Yes,"Trong quá trình thực hiện hợp đồng làm việc, nếu một bên có yêu cầu thay đổi nội dung hợp đồng làm việc thì phải báo cho bên kia biết trước ít nhất 03 ngày làm việc",Luật Viên chức 2010,28,Luật Viên chức 2010: 28,"
Trích lại điều luật: Điều 30 Luật Tiếp cận thông tin 2016: 4. Đối với thông tin phức tạp, không có sẵn mà cần tập hợp từ các bộ phận của cơ quan đó hoặc thông tin cần thiết phải có ý kiến của cơ quan, tổ chức, đơn vị khác thì chậm nhất là 03 ngày làm việc kể từ ngày nhận được yêu cầu hợp lệ, cơ quan được yêu cầu phải thông báo bằng văn bản về thời hạn giải quyết yêu cầu cung cấp thông tin. Chậm nhất là 15 ngày làm việc kể từ ngày nhận được yêu cầu hợp lệ, cơ quan được yêu cầu phải cung cấp thông tin hoặc có văn bản thông báo từ chối cung cấp thông tin.

Đưa ra suy luận của bạn: Theo Điều 30 Luật Tiếp cận thông tin 2016, khi xử lý yêu cầu cung cấp thông tin phức tạp hoặc cần tập hợp từ nhiều bộ phận, cơ quan"
4dE11xmkXc,No,"Trước 03 tháng, tính đến ngày viên chức nghỉ hưu, cơ quan, tổ chức, đơn vị quản lý viên chức phải thông báo bằng văn bản về thời điểm nghỉ hưu",Luật Viên chức 2010,46,Luật Viên chức 2010: 46,"
Ví dụ:
Trích lại điều luật: Điều 32 Luật Tiếp cận thông tin 2016
Đưa ra suy luận của bạn: Theo điều luật này, nếu Ủy ban nhân dân cấp xã không đáp ứng yêu cầu cung cấp thông tin trong vòng ba ngày làm việc, họ phải đính chính lại thông tin hoặc thông báo cho người yêu cầu cung cấp thông tin biết.
Kết luận: Hoàn toàn đúng

Trích lại điều luật: Điều 29 Luật Viên chức 2010
Đưa ra suy luận của bạn: Theo điều luật này, viên chức nữ mang thai phải nghỉ việc theo chỉ định của cơ sở chữa bệnh, viên chức ốm đau hoặc bị tai nạn đã điều trị từ 03 tháng liên tục mà khả năng làm việc chưa hồi phục, hoặc viên chức phải thông báo bằng văn bản về việc đơn phương chấm dứt hợp đồng làm việc cho người đứng đầu đơn vị sự nghiệp công lập biết trước ít"
X2H73lQFHY,Yes,Không được phép lợi dụng hoạt động giáo dục để xuyên tạc chủ trương và chống phá nhà nước Cộng hòa xã hội chủ nghĩa Việt Nam.,Luật Giáo dục 2019,21,Luật Giáo dục 2019: 21,"
Ví dụ:
Trích lại điều luật: Điều 21 Luật Giáo dục 2019
Đưa ra suy luận của bạn: Cấm lợi dụng hoạt động giáo dục để xuyên tạc chủ trương, chính sách, pháp luật của Nhà nước, chống lại Nhà nước Cộng hòa xã hội chủ nghĩa Việt Nam, chia rẽ khối đại đoàn kết toàn dân tộc, kích động bạo lực, tuyên truyền chiến tranh xâm lược, phá hoại thuần phong mỹ tục, truyền bá mê tín, hủ tục, lôi kéo người học vào các tệ nạn xã hội.
Kết luận: Hoàn Toàn Đúng "
4bjolT6L3z,Yes,Chính phủ là cơ quan thống nhất quản lý nhà nước về thanh niên ,Luật Thanh niên 2020,37,Luật Thanh niên 2020: 37,"
Trích lại điều luật: Điều 38 Luật Thanh niên 2020
Suy luận: Theo Điều 38 Luật Thanh niên 2020, Bộ Nội vụ chịu trách nhiệm trước Chính phủ thực hiện quản lý nhà nước về thanh niên và có trách nhiệm bao gồm ban hành chính sách, pháp luật về thanh niên, chiến lược, chương trình, kế hoạch phát triển thanh niên, hằng năm báo cáo Chính phủ kết quả thực hiện chính sách, pháp luật đối với thanh niên và nhiệm vụ quản lý nhà nước về thanh niên, chủ trì, phối hợp với các cơ quan có liên quan quản lý hoạt động hợp tác quốc tế về thanh niên theo quy định của pháp luật.
Kết luận: Hoàn Toàn Đúng

Trích lại điều luật: Điều 4 Luật Hôn nhân và Gia đình 2014
Suy luận: Theo Điều 4 Luật Hôn nhân và Gia đình 2014, Chính phủ thống nhất"
zbVo7IuSOp,Yes,"Đoàn Thanh niên Cộng sản Hồ Chí Minh là cơ quan có trách nhiệm tổng hợp, phản ánh ý kiến, kiến nghị của thanh niên đến cơ quan, tổ chức có thẩm quyền",Luật Thanh niên 2020,28,Luật Thanh niên 2020: 28,"
Ví dụ:
Trích lại điều luật: Điều 30 Luật Thanh niên 2020: 4. Cơ quan, tổ chức, đơn vị của Nhà nước có trách nhiệm tạo điều kiện để Đoàn Thanh niên Cộng sản Hồ Chí Minh tổ chức hoạt động giám sát, phản biện xã hội trong việc xây dựng và thực hiện chính sách, pháp luật đối với thanh niên.
Đưa ra suy luận của bạn: Các cơ quan, tổ chức, đơn vị của Nhà nước phải tạo điều kiện để Đoàn Thanh niên Cộng sản Hồ Chí Minh giám sát và phản biện xã hội đối với chính sách, pháp luật đối với thanh niên.
Kết luận: Hoàn Toàn Đúng "
61bCyfsfYX,No,Cho phép truyền bá tôn giáo và thực hiện các nghi lễ tôn giáo trong cơ sở giáo dục của hệ thống giáo dục quốc dân và tổ chức chính trị.,Luật Giáo dục 2019,20,Luật Giáo dục 2019: 20,"
Ví dụ:
Trích lại điều luật: Điều 20 Luật Giáo dục 2019
Đưa ra suy luận của bạn: Theo Điều 20 Luật Giáo dục 2019, không được truyền bá tôn giáo trong cơ sở giáo dục của hệ thống giáo dục quốc dân, cơ quan nhà nước, tổ chức chính trị, tổ chức chính trị - xã hội và lực lượng vũ trang nhân dân.
Kết luận: Hoàn toàn đúng

Trích lại điều luật: Điều 21 Luật Cư trú 2020
Đưa ra suy luận của bạn: Theo Điều 21 Luật Cư trú 2020, hồ sơ đăng ký thường trú đối với người đang sinh sống tại cơ sở tín ngưỡng, cơ sở tôn giáo phải bao gồm văn bản xác nhận của Ủy ban nhân dân cấp xã về việc trong cơ sở tín ngưỡng, cơ sở tôn giáo có công trình phụ trợ là nhà ở.
Kết"
dIIYvZHbtq,No,Trường giáo dưỡng có nhiệm vụ giáo dục người chưa thành niên vi phạm pháp luật nhằm mục đích nào sau đây? Trả lời: Đi du học nước ngoài.,Luật Giáo dục 2019,64,Luật Giáo dục 2019: 64,"
Trích lại điều luật: Trường giáo dưỡng có nhiệm vụ giáo dục người chưa thành niên vi phạm pháp luật.
Suy luận: Nhiệm vụ của trường giáo dưỡng là giáo dục người chưa thành niên vi phạm pháp luật.
Kết luận: Hoàn toàn đúng "
H6PxIjmdgH,Yes,"Nền giáo dục Việt Nam là nền giáo dục xã hội chủ nghĩa có tính nhân dân, và dân tộc, mang tính khoa học, hiện đại.",Luật Giáo dục 2019,3,Luật Giáo dục 2019: 3,"
Ví dụ:
Trích lại điều luật: Điều 51 Hiến pháp 2013
Đưa ra suy luận của bạn: Kinh tế nhà nước giữ vai trò chủ đạo trong nền kinh tế Việt Nam.
Kết luận: Hoàn Toàn Đúng

Trích lại điều luật: Điều 2 Luật Giáo dục 2019
Đưa ra suy luận của bạn: Mục tiêu giáo dục nhằm phát triển toàn diện con người Việt Nam.
Kết luận: Hoàn Toàn Đúng

Trích lại điều luật: Điều 19 Luật Giáo dục 2019
Đưa ra suy luận của bạn: Nghiên cứu khoa học nên được sử dụng để thông tin cho các chính sách giáo dục.
Kết luận: Có Ý Sai

Trích lại điều luật: Điều 60 Hiến pháp 2013
Đưa ra suy luận của bạn: Gia đình Việt Nam cần được hỗ trợ bởi cả nhà nước và xã"
4O7z6fOAPJ,No,Khoảng thời gian cai nghiện ma túy tự nguyện tại cơ sở cai nghiện ma túy là bao lâu? Trả lời: Từ 48 tháng đến 60 tháng,"Luật Phòng, chống ma túy 2021",31,"Luật Phòng, chống ma túy 2021: 31","
Trích lại điều luật: Điều 31 Luật Phòng, chống ma túy 2021: id: Luật Phòng, chống ma túy 2021
article_id: 31
text: Cai nghiện ma túy tự nguyện tại cơ sở cai nghiện ma túy

Suy luận: Theo điều luật này, khoảng thời gian cai nghiện ma túy tự nguyện tại cơ sở cai nghiện ma túy là từ đủ 06 tháng đến 12 tháng.
Kết luận: Hoàn toàn đúng "
gtjDrBrJ19,No,"Trong vòng 05 ngày làm việc, kể từ ngày nhận được kết quả xét nghiệm dương tính của người cư trú tại địa phương, Chủ tịch Ủy ban nhân dân cấp xã, phường có trách nhiệm ra quyết định và tổ chức quản lý người sử dụng trái phép chất ma túy cư trú tại địa phương.","Luật Phòng, chống ma túy 2021",23,"Luật Phòng, chống ma túy 2021: 23","
Ví dụ:
Trích lại điều luật: Điều 23 Luật Phòng, chống ma túy 2021
Suy luận: Trong thời hạn 03 ngày làm việc kể từ ngày nhận được kết quả xét nghiệm dương tính của người cư trú tại địa phương, Chủ tịch Ủy ban nhân dân cấp xã có trách nhiệm ra quyết định và tổ chức quản lý người sử dụng trái phép chất ma túy cư trú tại địa phương.
Kết luận: Hoàn Toàn Đúng "
LxjhKFcDMD,No,"Thứ trưởng Bộ Giáo dục và Đào tạo trong phạm vi nhiệm vụ, quyền hạn của mình, quy định chi tiết về chương trình, sách giáo khoa, giáo trình, tài liệu cho giáo dục thường xuyên.",Luật Giáo dục 2019,43,Luật Giáo dục 2019: 43,"
Trích lại điều luật: Điều 43 Luật Giáo dục 2019
Đưa ra suy luận của bạn: Theo điều luật này, phương pháp giáo dục thường xuyên cần phát huy tính chủ động của người học, coi trọng việc bồi dưỡng năng lực tự học và sử dụng phương tiện và công nghệ hiện đại để nâng cao chất lượng, hiệu quả dạy và học.
Kết luận: Hoàn Toàn Đúng

Trích lại điều luật: Điều 56 Luật Giáo dục 2019
Đưa ra suy luận của bạn: Điều luật này quy định rằng Bộ trưởng Bộ Giáo dục và Đào tạo sẽ quyết định về tiêu chuẩn, nhiệm vụ và quyền hạn của hiệu trưởng cũng như thủ tục, quy trình bổ nhiệm hiệu trưởng cơ sở giáo dục mầm non, giáo dục phổ thông.
Kết luận: Hoàn Toàn Đúng

Trích lại điều luật: Điều 52 Luật Giáo dục 2019
Đưa ra suy"
jnGYfFIs7N,Yes,"Thanh niên hoàn thành nghĩa vụ quân sự, nghĩa vụ tham gia Công an nhân dân được hưởng chính sách hỗ trợ đào tạo nghề theo quy định",Luật Thanh niên 2020,21,Luật Thanh niên 2020: 21,"
Ví dụ:
Trích lại điều luật: Điều 17 Luật Thanh niên 2020
Đưa ra suy luận của bạn: Theo Điều 17 Luật Thanh niên 2020, chính phủ chịu trách nhiệm cung cấp tư vấn, định hướng nghề nghiệp, giáo dục kỹ năng nghề nghiệp và đạo đức nghề nghiệp cũng như bảo vệ thanh niên khỏi bị cưỡng bức lao động và bóc lột.
Kết luận: Hoàn Toàn Đúng "
E3nezW9AK0,No,Phim loại C là phim được phép phổ biến đến người xem ở mọi độ tuổi,Luật Điện ảnh 2022,32,Luật Điện ảnh 2022: 32,"
Trích lại điều luật: Điều 32 Luật Điện ảnh 2022
Suy luận: Theo Điều 32 Luật Điện ảnh 2022, phim loại C là phim được phép phổ biến đến người xem ở mọi độ tuổi.
Kết luận: Hoàn toàn đúng "
NILu7qLntt,Yes,"Hình thức đào tạo, bồi dưỡng viên chức gồm: Đào tạo, bồi dưỡng theo tiêu chuẩn chức vụ quản lý, bồi dưỡng theo tiêu chuẩn chức danh nghề nghiệp, và bồi dưỡng nhằm bổ sung, cập nhật kiến thức, kỹ năng phục vụ hoạt động nghề nghiệp. ",Luật Viên chức 2010,33,Luật Viên chức 2010: 33,"
Ví dụ:
Trích lại điều luật: Điều 33 Luật Viên chức 2010
Đưa ra suy luận của bạn: Dựa trên điều luật này, chúng ta biết rằng việc đào tạo, bồi dưỡng viên chức bao gồm ba loại: đào tạo, bồi dưỡng theo tiêu chuẩn chức vụ quản lý, bồi dưỡng theo tiêu chuẩn chức danh nghề nghiệp, và bồi dưỡng nhằm bổ sung, cập nhật kiến thức, kỹ năng phục vụ hoạt động nghề nghiệp.
Kết luận: Hoàn Toàn Đúng "
HxZtqBzeEZ,Yes,Tháng 3 hằng năm là Tháng Thanh niên,Luật Thanh niên 2020,9,Luật Thanh niên 2020: 9,"
Trích lại điều luật: Điều 9 Luật Thanh niên 2020: id: Luật Thanh niên 2020
article_id: 9
text: Tháng Thanh niên

Suy luận: Dựa trên điều luật đã cung cấp, chúng ta biết rằng Tháng Thanh niên được tổ chức hàng năm vào tháng ba. Mục đích của Tháng Thanh niên là phát huy tinh thần xung kích, tình nguyện, sáng tạo của thanh niên để tham gia hoạt động vì lợi ích của cộng đồng, xã hội và vận động tổ chức, cá nhân đầu tư, phát triển thanh niên.

Kết luận: Hoàn Toàn Đúng "
BkupPYuKXv,Yes,"Bộ trưởng Bộ Giáo dục và Đào tạo không được quy định ngưỡng đầu vào trình độ cao đẳng, trình độ đại học thuộc ngành đào tạo giáo viên.",Luật Giáo dục 2019,6,Luật Giáo dục 2019: 6,"
Ví dụ:
Trích lại điều luật: Điều 52 Luật Giáo dục 2019: d) Bộ trưởng Bộ Giáo dục và Đào tạo quyết định đối với trường dự bị đại học, cao đẳng sư phạm và trường trực thuộc Bộ; trường mầm non, trường mẫu giáo, trường tiểu học, trường trung học cơ sở, trường trung học phổ thông do cơ quan đại diện ngoại giao nước ngoài, tổ chức quốc tế liên Chính phủ đề nghị;

Đưa ra suy luận của bạn: Dựa trên điều luật đã cung cấp, có vẻ như Bộ trưởng Bộ Giáo dục và Đào tạo có thẩm quyền quyết định đối với nhiều loại hình cơ sở giáo dục khác nhau, bao gồm cả trường dự bị đại học, cao đẳng sư phạm và trường trực thuộc Bộ.
kết luận: Hoàn Toàn Đúng "
3ZjbFGpytH,No,Người đứng đầu đơn vị sự nghiệp công lập đơn phương có quyền quyết định ký kết tiếp hoặc chấm dứt hợp đồng làm việc đối với viên chức.,Luật Viên chức 2010,28,Luật Viên chức 2010: 28,"
Trích lại điều luật: Điều 28 Luật Viên chức 2010: 2. Đối với hợp đồng làm việc xác định thời hạn, trước khi hết hạn hợp đồng làm việc 60 ngày, người đứng đầu đơn vị sự nghiệp công lập căn cứ vào nhu cầu của đơn vị, trên cơ sở đánh giá khả năng hoàn thành nhiệm vụ của viên chức, quyết định ký kết tiếp hoặc chấm dứt hợp đồng làm việc đối với viên chức.

Suy luận: Dựa trên điều luật được trích lại, người đứng đầu đơn vị sự nghiệp công lập có quyền quyết định ký kết tiếp hoặc chấm dứt hợp đồng làm việc đối với viên chức dựa trên nhu cầu của đơn vị và khả năng hoàn thành nhiệm vụ của viên chức.

Kết luận: Hoàn Toàn Đúng "
6T9RLlCXIy,No,"Đơn vị sự nghiệp có quyền đơn phương chấm dứt hợp đồng đối với viên chức khi viên chức ốm đau hoặc bị tai nạn, đang điều trị bệnh nghề nghiệp theo quyết định của cơ sở chữa bệnh",Luật Viên chức 2010,29,Luật Viên chức 2010: 29,"
Trích lại điều luật: Điều 29 Luật Viên chức 2010: đ) Viên chức nữ có thai phải nghỉ việc theo chỉ định của cơ sở chữa bệnh;

Suy luận: Theo điều luật trên, viên chức nữ có thai phải nghỉ việc theo chỉ định của cơ sở chữa bệnh.
Kết luận: Hoàn Toàn Đúng "
smWUCz4HtS,Yes,"Bộ Nội Vụ là cơ quan nào chủ trì, phối hợp với các bộ, cơ quan ngang bộ có liên quan quy định hệ thống danh mục, tiêu chuẩn và mã số chức danh nghề nghiệp",Luật Viên chức 2010,8,Luật Viên chức 2010: 8,"
Trích lại điều luật: Điều 31 Luật Viên chức 2010: 4. Chính phủ quy định cụ thể quy trình, thủ tục thi hoặc xét, bổ nhiệm chức danh nghề nghiệp của viên chức, phân công, phân cấp việc tổ chức thi hoặc xét, bổ nhiệm chức danh nghề nghiệp của viên chức.

Suy luận: Theo điều luật đã trích lại, Chính phủ sẽ quy định chi tiết về quá trình thi hoặc xét bổ nhiệm chức danh nghề nghiệp của viên chức cũng như việc ủy quyền cho các bộ, cơ quan ngang bộ trong việc quy định cụ thể tiêu chuẩn chức danh nghề nghiệp.

Kết luận: Hoàn toàn đúng "
W51vKx6Y5S,Yes,Chương trình giáo dục cần phải thể hiện mục tiêu giáo dục và yêu cầu người học phải đạt về phẩm chất và năng lực tương ứng.,Luật Giáo dục 2019,8,Luật Giáo dục 2019: 8,"
Ví dụ:
Trích lại điều luật: Điều 31 Luật Giáo dục 2019
Suy luận: Chương trình giáo dục phổ thông phải bảo đảm các yêu cầu sau đây:
- Thể hiện mục tiêu giáo dục phổ thông
- Quy định yêu cầu về phẩm chất và năng lực của học sinh cần đạt được sau mỗi cấp học, nội dung giáo dục bắt buộc đối với tất cả học sinh trong cả nước
- Quy định phương pháp, hình thức tổ chức hoạt động giáo dục và đánh giá kết quả giáo dục đối với các môn học ở mỗi lớp, mỗi cấp học của giáo dục phổ thông
Kết luận: Hoàn Toàn Đúng "
7yASh5EiMy,No,"Trách nhiệm của Bộ Công an trong việc phòng, chống ma túy là gì? Trả lời: Chỉ đạo lực lượng Bộ đội Biên phòng, Cảnh sát biển Việt Nam trong việc phòng chống ma túy.","Luật Phòng, chống ma túy 2021",46,"Luật Phòng, chống ma túy 2021: 46","
Ví dụ:
Trích lại điều luật: Điều 11 Luật Phòng, chống ma túy 2021: 3. Cơ quan chuyên trách phòng, chống tội phạm về ma túy thuộc Bộ đội Biên phòng, Cảnh sát biển Việt Nam, Hải quan, trong phạm vi nhiệm vụ, quyền hạn của mình, chủ trì, phối hợp với cơ quan công an, cơ quan, tổ chức khác có liên quan thực hiện các hoạt động phòng ngừa, ngăn chặn và đấu tranh chống tội phạm về ma túy tại khu vực hoặc địa bàn quản lý, kiểm soát.
Suy luận: Theo điều luật đã cho, cơ quan chuyên trách phòng, chống tội phạm về ma túy thuộc Bộ đội Biên phòng, Cảnh sát biển Việt Nam và Hải quan cũng như các cơ quan khác có liên quan phải thực hiện các hoạt động phòng ngừa, ngăn chặn và đấu tranh chống tội phạm về ma túy tại khu vực hoặc địa bàn mà họ quản lý, kiểm soát."
5aJlXB1eST,Yes,Việc đánh giá viên chức được thực hiện hàng năm,Luật Viên chức 2010,41,Luật Viên chức 2010: 41,"
Ví dụ:
Trích lại điều luật: Điều 41 Luật Viên chức 2010
Đưa ra suy luận của bạn: Dựa chỉ một điều luật duy nhất trong những điều luật được cung cấp sau đây, đưa ra suy luận của bạn, sau đó đưa ra kết luận về nhận định dưới đây là đúng hay sai.
kết luận: Hoàn Toàn Đúng "
lQ9frTtrtV,No,"Đối với trường hợp người được tuyển dụng dưới 18 tuổi, hợp đồng lao động chỉ cần ghi họ tên, địa chỉ, ngày, tháng, năm sinh của người đại diện theo pháp luật của người được tuyển dụng",Luật Viên chức 2010,26,Luật Viên chức 2010: 26,"
Trích lại điều luật: Điều 26 Luật Viên chức 2010
Suy luận: Theo Điều 26 Luật Viên chức 2010, hợp đồng lao động phải bao gồm nhiều nội dung, bao gồm cả họ tên, địa chỉ, ngày, tháng, năm sinh của người được tuyển dụng và người đại diện theo pháp luật nếu người được tuyển dụng dưới 18 tuổi.
Kết luận: Hoàn Toàn Đúng "
u4ykYXXEms,Yes,Viên chức được hoạt động nghề nghiệp ngoài thời gian làm việc quy định trong hợp đồng làm việc và theo đúng các quy định của Pháp luật,Luật Viên chức 2010,14,Luật Viên chức 2010: 14,"
Ví dụ:
Trích lại điều luật: Điều 59 Luật Viên chức 2010
Đưa ra suy luận của bạn: Dựa trên điều khoản này, viên chức được tuyển dụng trước ngày 01/07/2003 sẽ được quản lý như viên chức làm việc theo hợp đồng làm việc không xác định thời hạn theo quy định của Luật này.
Kết luận: Hoàn Toàn Đúng "
x3S4gfwqxV,Yes,Cơ sở cai nghiện ma túy công lập là Chủ tịch Ủy ban nhân dân cấp tỉnh ra quyết định thành lập.,"Luật Phòng, chống ma túy 2021",35,"Luật Phòng, chống ma túy 2021: 35","
Ví dụ:
Trích lại điều luật: Điều 35 Luật Phòng, chống ma túy 2021: e) Trong thời hạn 05 ngày làm việc kể từ ngày người cai nghiện ma túy tự nguyện được tiếp nhận hoặc tự ý chấm dứt việc sử dụng dịch vụ hoặc hoàn thành quy trình cai nghiện ma túy phải thông báo cho Ủy ban nhân dân cấp xã nơi người đó đăng ký cai nghiện ma túy tự nguyện.

Suy luận: Theo điều luật trên, người cai nghiện ma túy tự nguyện phải thông báo cho Ủy ban nhân dân cấp xã nơi họ đăng ký cai nghiện ma túy tự nguyện khi họ hoàn thành quy trình cai nghiện ma túy.
Kết luận: Hoàn toàn đúng "
ZtB35RZhRI,No,Phương pháp giáo dục thường xuyên phải phát huy tính thụ động của người học.,Luật Giáo dục 2019,43,Luật Giáo dục 2019: 43,"
Ví dụ:
Trích lại điều luật: Điều 43 Luật Giáo dục 2019
Đưa ra suy luận của bạn: Theo điều luật này, phương pháp giáo dục thường xuyên nên thúc đẩy tính chủ động của người học, coi trọng việc bồi dưỡng năng lực tự học và sử dụng phương tiện và công nghệ hiện đại để nâng cao chất lượng, hiệu quả dạy và học.
Kết luận: Hoàn Toàn Đúng "
GE9biFGIt1,No,"Doanh nghiệp, tổ chức được yêu cầu phải ưu tiên tuyển dụng thanh niên là người dân tộc thiểu số",Luật Thanh niên 2020,25,Luật Thanh niên 2020: 25,"
Ví dụ:
Trích lại điều luật: Điều 25 Luật Thanh niên 2020: 4. Khuyến khích doanh nghiệp, tổ chức ưu tiên tuyển dụng thanh niên là người dân tộc thiểu số.
Đưa ra suy luận của bạn: Theo điều luật đã nêu trên, doanh nghiệp và tổ chức được khuyến khích ưu tiên tuyển dụng thanh niên là người dân tộc thiểu số.
Kết luận: Hoàn toàn đúng "
pyuKTtaCxe,Yes,"Bộ Văn hóa, Thể thao và Du lịch là cơ quan giúp Chính phủ thực hiện quản lý nhà nước về điện ảnh",Luật Điện ảnh 2022,45,Luật Điện ảnh 2022: 45,"
Ví dụ:
Trích lại điều luật: Điều 14 Luật Du lịch 2017: 3. Bộ Văn hóa, Thể thao và Du lịch, trong phạm vi nhiệm vụ, quyền hạn của mình, tiếp nhận, giải quyết hoặc phối hợp với cơ quan nhà nước có thẩm quyền giải quyết kiến nghị của khách du lịch.
Đưa ra suy luận của bạn: Dựa vào điều luật đã nêu, Bộ Văn hóa, Thể thao và Du lịch chịu trách nhiệm tiếp nhận, giải quyết hoặc phối hợp với cơ quan nhà nước có thẩm quyền giải quyết kiến nghị của khách du lịch.
Kết luận: Hoàn toàn đúng "
nkiX0ToLxf,No,Nguồn tài chính bảo đảm thực hiện chính sách đối với thanh niên chỉ gồm nguồn tài chính từ ngân sách nhà nước,Luật Thanh niên 2020,6,Luật Thanh niên 2020: 6,"
Ví dụ:
Trích lại điều luật: Điều 47 Luật Giáo dục 2019: loại hình trường dân lập chỉ áp dụng đối với cơ sở giáo dục mầm non;
Suy luận: Theo điều luật này, trường dân lập chỉ áp dụng đối với cơ sở giáo dục mầm non.
Kết luận: Hoàn Toàn Đúng "
San2cDUQSm,Yes,Người cai nghiện ma túy tự nguyện tại cơ sở cai nghiện ma túy phải có trách nhiệm nộp chi phí liên quan đến cai nghiện ma túy.,"Luật Phòng, chống ma túy 2021",31,"Luật Phòng, chống ma túy 2021: 31","
Ví dụ:
Trích lại điều luật: Điều 31 Luật Phòng, chống ma túy 2021
Suy luận: Theo điều luật này, người cai nghiện ma túy tự nguyện tại cơ sở cai nghiện ma túy công lập phải nộp chi phí liên quan đến cai nghiện ma túy trừ trường hợp họ có hoàn cảnh khó khăn.
Kết luận: Hoàn Toàn Đúng "
Q7hGQ5owqU,Yes,"Cơ quan Hải quan có trách nhiệm trong việc kiểm soát hoạt động quá cảnh lãnh thổ Việt Nam chất ma túy, tiền chất, thuốc gây nghiện.","Luật Phòng, chống ma túy 2021",17,"Luật Phòng, chống ma túy 2021: 17","
Trích lại điều luật: Điều 17 Luật Phòng, chống ma túy 2021
Suy luận: Theo Điều 17 Luật Phòng, chống ma túy 2021, hoạt động quá cảnh lãnh thổ Việt Nam chất ma túy, tiền chất, thuốc gây nghiện, thuốc hướng thần, thuốc tiền chất, nguyên liệu làm thuốc phải tuân theo hành trình đã ghi trong giấy phép quá cảnh. Cơ quan, tổ chức thực hiện việc quá cảnh phải làm thủ tục, chịu sự kiểm soát của cơ quan Hải quan và cơ quan có thẩm quyền của Việt Nam.
Kết luận: Hoàn Toàn Đúng "
t9xUgIsTa6,No,Tiếng Anh được dùng chính thức trong cơ sở giáo dục.,Luật Giáo dục 2019,11,Luật Giáo dục 2019: 11,"
Ví dụ:
Trích lại điều luật: Điều 43 Luật Giáo dục 2019
Đưa ra suy luận của bạn: Các phương pháp giáo dục thường xuyên nên bao gồm sự tham gia tích cực của người học và khuyến khích họ tự học.
Kết luận: Hoàn toàn đúng

Trích lại điều luật: Điều 104 Luật Giáo dục 2019
Đưa ra suy luận của bạn: Bộ Giáo dục và Đào tạo chịu trách nhiệm xây dựng chương trình và sách giáo khoa cho giáo dục thường xuyên.
Kết luận: Hoàn toàn đúng

Trích lại điều luật: Điều 109 Luật Giáo dục 2019
Đưa ra suy luận của bạn: Bằng cấp do các tổ chức nước ngoài cấp cần được phê duyệt bởi cả hai nước trước khi chúng có thể được sử dụng tại Việt Nam.
Kết luận: Hoàn toàn đúng

Trích lại điều luật: Điều"
vER50gJIY7,Yes,"Mục tiêu của giáo dục thường xuyên là nhằm mục đích tạo điều kiện cho mọi người có cơ hội vừa làm vừa học, học liên tục",Luật Giáo dục 2019,41,Luật Giáo dục 2019: 41,"
Ví dụ:
Trích lại điều luật: Điều 41 Luật Giáo dục 2019
Đưa ra suy luận của bạn: Dựa trên các điều khoản được cung cấp, chúng ta thấy rằng mục tiêu của giáo dục thường xuyên là tạo điều kiện cho mọi người vừa làm vừa học, học liên tục, học tập suốt đời nhằm phát huy năng lực cá nhân, hoàn thiện nhân cách, mở rộng hiểu biết, nâng cao trình độ học vấn, chuyên môn, nghiệp vụ để tìm việc làm, tự tạo việc làm và thích nghi với đời sống xã hội; góp phần xây dựng xã hội học tập.
Kết luận: Hoàn Toàn Đúng "
PqLFyODSMe,Yes,"Người trúng tuyển viên chức đã có thời gian từ đủ 12 tháng trở lên thực hiện chuyên môn, nghiệp vụ phù hợp với yêu cầu của vị trí việc làm được tuyển dụng không phải thực hiện chế độ tập sự",Luật Viên chức 2010,27,Luật Viên chức 2010: 27,"
Ví dụ:
Trích lại điều luật: Điều 27 Luật Viên chức 2010
Đưa ra suy luận của bạn: Theo Điều 27, người trúng tuyển viên chức phải thực hiện chế độ tập sự, trừ khi họ đã có thời gian từ đủ 12 tháng trở lên thực hiện chuyên môn, nghiệp vụ phù hợp với yêu cầu của vị trí việc làm được tuyển dụng.
Kết luận: Hoàn toàn đúng

Trích lại điều luật: Điều 56 Luật Viên chức 2010
Đưa ra suy luận của bạn: Theo Điều 56, viên chức bị khiển trách sẽ bị kéo dài thời hạn nâng bậc lương thêm ba tháng.
Kết luận: Hoàn toàn đúng

Trích lại điều luật: Điều 29 Luật Viên chức 2010
Đưa ra suy luận của bạn: Theo Điều 29, viên chức bị ốm đau đã điều trị 1"
FsWvvO33Ct,No,Nhà giáo có vai trò nào sau đây? Trả lời: Đi du học nước ngoài nhằm nâng cao kiến thức.,Luật Giáo dục 2019,66,Luật Giáo dục 2019: 66,"
Trích lại điều luật: Điều 66 Luật Giáo dục 2019
Suy luận: Theo Điều 66 Luật Giáo dục 2019, nhà giáo có vai trò giảng dạy, giáo dục theo mục tiêu, nguyên lý giáo dục, thực hiện đầy đủ và có chất lượng chương trình giáo dục.
Kết luận: Hoàn Toàn Đúng "
wIaqSKIotB,Yes,"Bộ Văn hóa, Thể thao và Du lịch và Ủy ban nhân dân có thẩm quyền cấp giấy phép phân loại phim khi đáp ứng các điều kiện theo quy định của Bộ trưởng Bộ Văn hóa, Thể thao và Du lịch",Luật Điện ảnh 2022,27,Luật Điện ảnh 2022: 27,"
Ví dụ:
Trích lại điều luật: Điều 27 Luật Điện ảnh 2022: b) Trong thời hạn 15 ngày kể từ ngày nhận đủ hồ sơ hợp lệ, cơ quan nhà nước có thẩm quyền thực hiện cấp Giấy phép phân loại phim theo mẫu do Bộ trưởng Bộ Văn hóa, Thể thao và Du lịch quy định; trường hợp không cấp Giấy phép phải trả lời bằng văn bản và nêu rõ lý do.
Suy luận: Theo điều luật này, cơ quan nhà nước có thẩm quyền sẽ cấp Giấy phép phân loại phim nếu họ nhận đủ hồ sơ hợp lệ trong vòng 15 ngày. Nếu không cấp Giấy phép, họ cần thông báo bằng văn bản và nêu rõ lý do.
Kết luận: Hoàn Toàn Đúng "
hqnWjRtgDK,No,Việc tuyển dụng viên chức chỉ được thực hiện thông qua thi tuyển,Luật Viên chức 2010,23,Luật Viên chức 2010: 23,"
Ví dụ:
Trích lại điều luật: Điều 23 Luật Viên chức 2010
Đưa ra suy luận của bạn: Theo Điều 23, phương thức tuyển dụng bao gồm cả thi tuyển và xét tuyển.
Kết luận: Hoàn toàn đúng

Trích lại điều luật: Điều 58 Luật Viên chức 2010
Đưa ra suy luận của bạn: Theo Điều 58, cơ quan có thẩm quyền quản lý đơn vị sự nghiệp công lập có thể tiến hành thanh tra, kiểm tra việc tuyển dụng, sử dụng và quản lý viên chức tại các đơn vị sự nghiệp công lập được giao quản lý.
Kết luận: Hoàn toàn đúng

Trích lại điều luật: Điều 3 Luật Viên chức 2010
Đưa ra suy luận của bạn: Theo Điều 3, tuyển dụng là việc lựa chọn người có phẩm chất, trình độ và năng lực vào làm viên chức"
7eoNvR742A,Yes,"Chủ sở hữu phim có nghĩa vụ mở mã khóa phim để đối chiếu, kiểm tra khi có yêu cầu của cơ quan nhà nước có thẩm quyền",Luật Điện ảnh 2022,3,Luật Điện ảnh 2022: 35,"
Trích lại điều luật: Điều 33 Luật Điện ảnh 2022: 4. Cơ sở điện ảnh phải mở mã khóa phim để đối chiếu, kiểm tra khi có yêu cầu của cơ quan cấp Giấy phép phân loại phim.
Suy luận: Theo điều luật này, cơ sở điện ảnh có nghĩa vụ mở mã khóa phim để đối chiếu, kiểm tra khi có yêu cầu của cơ quan cấp Giấy phép phân loại phim.
Kết luận: Hoàn Toàn Đúng "
PXDpRnKfph,No,Phát triển giáo dục không phải là quốc sách hàng đầu.,Luật Giáo dục 2019,2,Luật Giáo dục 2019: 2,"
Ví dụ:
Trích lại điều luật: Điều 61 Hiến pháp 2013
Đưa ra suy luận của bạn: Dựa vào đoạn văn đã cho, chúng ta có thể thấy rằng nó nói rõ ràng rằng ""Phát triển giáo dục là quốc sách hàng đầu.""
Kết luận: Hoàn toàn đúng "
g0tEL4A3EC,Yes,"Cơ quan, tổ chức có trách nhiệm tạo điều kiện thuận lợi cho cán bộ, công chức, viên chức và người lao động được thường xuyên học tập, học tập suốt đời để nhằm mục đích phát triển bản thân và nâng cao chất lượng cuộc sống.",Luật Giáo dục 2019,46,Luật Giáo dục 2019: 46,"
Ví dụ:
Trích lại điều luật: Điều 46 Luật Giáo dục 2019: 2. Cơ quan, tổ chức có trách nhiệm tạo điều kiện thuận lợi cho cán bộ, công chức, viên chức và người lao động được thường xuyên học tập, học tập suốt đời để phát triển bản thân và nâng cao chất lượng cuộc sống.
Đưa ra suy luận của bạn: Các cơ quan, tổ chức phải hỗ trợ cán bộ, công chức, viên chức và người lao động trong việc học tập và cải thiện kỹ năng của họ để giúp họ trở nên tốt hơn ở nơi làm việc và trong cuộc sống hàng ngày.
Kết luận: Hoàn Toàn Đúng "
vawQxejhbP,No,Cơ sở cai nghiện ma túy không có trách nhiệm cấp giấy xác nhận hoàn thành cai nghiện ma túy tự nguyện cho người cai nghiện ma túy.,"Luật Phòng, chống ma túy 2021",31,"Luật Phòng, chống ma túy 2021: 31","
Trích lại điều luật: Điều 31 Luật Phòng, chống ma túy 2021: a) Thực hiện đúng, đầy đủ các quy định về cai nghiện ma túy tự nguyện và tuân thủ hướng dẫn của cơ quan chuyên môn;

Suy luận: Theo điều luật này, người cai nghiện ma túy tự nguyện cần tuân thủ hướng dẫn của cơ quan chuyên môn.
Kết luận: Hoàn Toàn Đúng

Trích lại điều luật: Điều 31 Luật Phòng, chống ma túy 2021: b) Nộp chi phí liên quan đến cai nghiện ma túy theo quy định.

Suy luận: Điều luật này yêu cầu người cai nghiện ma túy tự nguyện nộp chi phí liên quan đến cai nghiện ma túy.
Kết luận: Hoàn Toàn Đúng

Trích lại điều luật: Điều 31 Luật Phòng, chống ma túy 2021: Trường hợp người cai nghiện ma túy tự nguyện tại cơ"
ESrSFegdnP,Yes,"Tổ chức thanh niên gồm Đoàn Thanh niên Cộng sản Hồ Chí Minh, Hội Liên hiệp Thanh niên Việt Nam, Hội Sinh viên Việt Nam và các tổ chức khác của thanh niên được thành lập, tổ chức và hoạt động theo quy định của pháp luật",Luật Thanh niên 2020,27,Luật Thanh niên 2020: 27,"
Ví dụ:
Trích lại điều luật: Điều 27 Luật Thanh niên 2020: 3. Tổ chức thanh niên có trách nhiệm nghiên cứu nhu cầu, nguyện vọng của thanh niên để kiến nghị với cơ quan, tổ chức có thẩm quyền; phối hợp với cơ quan quản lý nhà nước về thanh niên, các cơ quan có liên quan trong việc tuyên truyền, giáo dục, thực hiện chính sách, pháp luật đối với thanh niên; tổ chức cho thanh niên tham gia phong trào vì lợi ích của cộng đồng, xã hội, vì sự nghiệp xây dựng và bảo vệ Tổ quốc.
Đưa ra suy luận của bạn: Các tổ chức thanh niên chịu trách nhiệm đề xuất thay đổi chính sách dựa trên nhu cầu và mong muốn của thanh niên. Họ cũng làm việc với các cơ quan chính phủ để phổ biến thông tin và thực thi luật pháp. Ngoài ra, họ khuyến khích thanh niên tham gia vào các dự án phục vụ cộng đồng"
tXRGZXvUPj,No,Người đã chấp hành xong quyết định áp dụng biện pháp xử lý hành chính đưa vào cơ sở cai nghiện bắt buộc chịu sự quản lý sau cai nghiện ma túy trong thời hạn 05 năm kể từ ngày chấp hành xong quyết định.,"Luật Phòng, chống ma túy 2021",40,"Luật Phòng, chống ma túy 2021: 40","
Ví dụ:
Trích lại điều luật: Điều 40 Luật Phòng, chống ma túy 2021
Đưa ra suy luận của bạn: Thời hạn quản lý sau cai nghiện ma túy là 02 năm kể từ ngày chấp hành xong quyết định.
Kết luận: Hoàn Toàn Đúng "
ddUhS1oQlT,No,Cơ sở cai nghiện ma túy tự nguyện là do cơ quan nhà nước thành lập ra.,"Luật Phòng, chống ma túy 2021",36,"Luật Phòng, chống ma túy 2021: 36","
Ví dụ:
Trích lại điều luật: Điều 36 Luật Phòng, chống ma túy 2021
Suy luận: Cơ sở cai nghiện ma túy tự nguyện do cá nhân, tổ chức kinh doanh dịch vụ cai nghiện ma túy thành lập.
Kết luận: Hoàn toàn sai "
70KK5g4fPJ,No,"Được phép gian lận trong học tập và thi cử. Đồng thời cho phép học sinh được hút thuốc, uống rượu bia và cờ bạc.",Luật Giáo dục 2019,22,Luật Giáo dục 2019: 22,"
Ví dụ:
Trích lại điều luật: Điều 19 Luật Viên chức 2010
Đưa ra suy luận của bạn: Theo điều luật này, viên chức không được lợi dụng hoạt động nghề nghiệp để tuyên truyền chống lại chủ trương đường lối, chính sách của Đảng, pháp luật của Nhà nước hoặc gây phương hại đến thuần phong, mỹ tục, đời sống văn hóa, tinh thần của nhân dân và xã hội. Ngoài ra, họ cũng không được xúc phạm danh dự, nhân phẩm, uy tín của người khác trong khi thực hiện hoạt động nghề nghiệp.
Kết luận: Hoàn Toàn Đúng

Trích lại điều luật: Điều 5 Luật Phòng, chống ma túy 2021
Đưa ra suy luận của bạn: Theo điều luật này, người thực thi nhiệm vụ phòng, chống ma túy, người tham gia phòng, chống ma túy không được trả thù hoặc cản trở người thực thi nhiệm vụ phòng, chống ma"
cCS4VENPft,Yes,"Chức danh nghề nghiệp là tên gọi thể hiện trình độ và năng lực chuyên môn, nghiệp vụ của viên chức trong từng lĩnh vực nghề nghiệp",Luật Viên chức 2010,8,Luật Viên chức 2010: 8,"
Ví dụ:
Trích lại điều luật: Điều 33 Luật Viên chức 2010
Đưa ra suy luận của bạn: Theo Điều 33 Luật Viên chức 2010, ba loại hình thức đào tạo, bồi dưỡng cho viên chức bao gồm: (i) Đào tạo, bồi dưỡng theo tiêu chuẩn chức vụ quản lý; (ii) Bồi dưỡng theo tiêu chuẩn chức danh nghề nghiệp; và (iii) Bồi dưỡng nhằm bổ sung, cập nhật kiến thức, kỹ năng phục vụ hoạt động nghề nghiệp.
Kết luận: Hoàn toàn đúng "
p4zs0isjph,Yes,Công an cấp xã có trách nhiệm giúp Ủy ban nhân dân cùng cấp lập danh sách những người sử dụng trái phép chất ma túy tại địa phương.,"Luật Phòng, chống ma túy 2021",26,"Luật Phòng, chống ma túy 2021: 26","
Ví dụ:
Trích lại điều luật: Điều 26 Luật Phòng, chống ma túy 2021
Suy luận: Theo Điều 26 Luật Phòng, chống ma túy 2021, công an cấp xã giúp Ủy ban nhân dân cùng cấp lập danh sách những người sử dụng trái phép chất ma túy cư trú tại địa phương.
Kết luận: Hoàn Toàn Đúng "
eDDeyyw6JY,Yes,Ngân sách nhà nước đóng giữ vai trò chủ đạo trong tổng nguồn lực đầu tư cho giáo dục.,Luật Giáo dục 2019,17,Luật Giáo dục 2019: 17,"
Ví dụ:
Trích lại điều luật: Điều 17 Luật Giáo dục 2019: 3. Ngân sách nhà nước giữ vai trò chủ đạo trong tổng nguồn lực đầu tư cho giáo dục.
Đưa ra suy luận của bạn: Dựa trên điều luật này, chúng ta có thể hiểu rằng ngân sách nhà nước chịu trách nhiệm chính trong việc đầu tư vào giáo dục.
Kết luận: Hoàn toàn đúng "
OU3MJaS8Si,No,"Đơn vị sự nghiệp công lập không thể ký hợp đồng vụ, việc với người hưởng chế độ hưu trí, kể cả trường hợp đơn vị có nhu cầu và người hưởng chế độ hưu trí có nguyện vọng",Luật Viên chức 2010,46,Luật Viên chức 2010: 46,"
Ví dụ:
Trích lại điều luật: Điều 29 Luật Viên chức 2010: 5. Viên chức làm việc theo hợp đồng làm việc xác định thời hạn có quyền đơn phương chấm dứt hợp đồng trong các trường hợp sau:

a) Không được bố trí theo đúng vị trí việc làm, địa điểm làm việc hoặc không được bảo đảm các điều kiện làm việc đã thỏa thuận trong hợp đồng làm việc;

b) Không được trả lương đầy đủ hoặc không được trả lương đúng thời hạn theo hợp đồng làm việc;

c) Bị ngược đãi; bị cưỡng bức lao động;

d) Bản thân hoặc gia đình thật sự có hoàn cảnh khó khăn không thể tiếp tục thực hiện hợp đồng;

Đưa ra suy luận của bạn: Theo Điều 29 Luật Viên chức 2010: 5, viên chức làm việc theo hợp đồng làm việc xác định thời hạn có quyền đơn phương"
31WyXImQt7,Yes,"Trách nhiệm của cơ quan Mặt Trận Tổ Quốc Việt Nam trong việc phòng, chống ma túy là phòng ngừa, và ngăn chặn người của tổ chức mình và mọi công dân vi phạm luật phòng, chống ma túy.","Luật Phòng, chống ma túy 2021",10,"Luật Phòng, chống ma túy 2021: 10","
Ví dụ:
Trích lại điều luật: Điều 10 Luật Phòng, chống ma túy 2021
Đưa ra suy luận của bạn: Theo điều luật này, Mặt trận Tổ quốc Việt Nam chịu trách nhiệm tuyên truyền, phổ biến kiến thức, pháp luật về phòng, chống ma túy cho Nhân dân và vận động Nhân dân tham gia phòng, chống ma túy.
Kết luận: Hoàn Toàn Đúng "
InehZtAZn9,Yes,"Viên chức bị kỷ luật từ khiển trách đến cách chức thì không thực hiện việc quy hoạch, đào tạo, bồi dưỡng, bổ nhiệm trong thời hạn 12 tháng, kể từ ngày quyết định kỷ luật có hiệu lực",Luật Viên chức 2010,56,Luật Viên chức 2010: 56,"
Ví dụ:
Trích lại điều luật: Điều 56 Luật Viên chức 2010: 2. Viên chức bị kỷ luật từ khiển trách đến cách chức thì không thực hiện việc quy hoạch, đào tạo, bồi dưỡng, bổ nhiệm trong thời hạn 12 tháng, kể từ ngày quyết định kỷ luật có hiệu lực.
Đưa ra suy luận của bạn: Theo điều luật này, viên chức bị kỷ luật từ khiển trách đến cách chức sẽ không được thực hiện việc quy hoạch, đào tạo, bồi dưỡng, bổ nhiệm trong vòng 12 tháng kể từ ngày quyết định kỷ luật có hiệu lực.
Kết luận: Hoàn toàn đúng "
xcuMZRBDKw,Yes,"Đoàn Thanh niên Cộng sản Hồ Chí Minh là tổ chức chính trị-xã hội của thanh niên Việt Nam, giữ vai trò nòng cốt trong phong trào thanh niên và tổ chức thanh niên; tổ chức hướng dẫn hoạt động của thiếu niên, nhi đồng, phụ trách Đội Thiếu niên tiền phong Hồ Chí Minh",Luật Thanh niên 2020,28,Luật Thanh niên 2020: 28,"
Ví dụ:
Trích lại điều luật: Điều 28 Luật Thanh niên 2020
Đưa ra suy luận của bạn: Theo Điều 28 Luật Thanh niên 2020, Đoàn Thanh niên Cộng sản Hồ Chí Minh chịu trách nhiệm giám sát và phản biện xã hội đối với chính sách, pháp luật về thanh niên theo quy định của pháp luật.
Kết luận: Hoàn Toàn Đúng "
3lEnngVd8Z,Yes,Viên chức bị khiển trách thì thời hạn nâng lương bị kéo dài 03 tháng,Luật Viên chức 2010,56,Luật Viên chức 2010: 56,"
Ví dụ:
Trích lại điều luật: Điều 31 Luật Cư trú 2020: c) Đi khỏi phạm vi đơn vị hành chính cấp huyện nơi đang cư trú từ 03 tháng liên tục trở lên đối với người trong độ tuổi thực hiện nghĩa vụ quân sự hoặc người đang phải thực hiện các nghĩa vụ khác đối với Nhà nước theo quyết định của cơ quan nhà nước có thẩm quyền;
Đưa ra suy luận của bạn: Nếu một viên chức rời khỏi địa điểm hành chính cấp huyện nơi họ cư trú hơn ba tháng vì nghĩa vụ quân sự hoặc các nghĩa vụ khác đối với quốc gia, họ sẽ bị coi là vắng mặt.
Kết luận: Hoàn toàn đúng "
6nfjyV5thx,No,"Cơ quan nhà nước không có thẩm quyền theo dõi, kiểm tra, và giám sát các hoạt động nghiên cứu, sản xuất chất ma túy (không bao gồm trồng cây có chứa chất ma túy).","Luật Phòng, chống ma túy 2021",14,"Luật Phòng, chống ma túy 2021: 14","
Ví dụ:
Trích lại điều luật: Điều 2 Luật Phòng, chống ma túy 2021: 9. Kiểm soát các hoạt động hợp pháp liên quan đến ma túy là việc cho phép, theo dõi, kiểm tra, giám sát các hoạt động hợp pháp liên quan đến ma túy và phòng ngừa, ngăn chặn việc lợi dụng các hoạt động đó vào mục đích khác.
Đưa ra suy luận của bạn: Theo điều luật đã nêu trên, cơ quan nhà nước có thẩm quyền theo dõi, kiểm tra, và giám sát các hoạt động nghiên cứu, sản xuất chất ma túy (không bao gồm trồng cây có chứa chất ma túy).
Kết luận: Hoàn Toàn Đúng "
TisBomZhjP,Yes,Cách chức là một trong các hình thức xử lý kỷ luật dành cho viên chức quản lý,Luật Viên chức 2010,52,Luật Viên chức 2010: 52,"
Ví dụ:
Trích lại điều luật: Điều 52 Luật Viên chức 2010
Đưa ra suy luận của bạn: Theo Điều 52 Luật Viên chức 2010, hình thức kỷ luật cách chức chỉ áp dụng đối với viên chức quản lý.
Kết luận: Hoàn toàn đúng "
O8JI0xlIS5,Yes,"Hợp đồng làm việc đối với trường hợp người được tuyển dụng là người trên 18 tuổi  có những nội dung chủ yếu sau: Tên, địa chỉ của đơn vị sự nghiệp công lập và người đứng đầu đơn vị sự nghiệp công lập, Họ tên, địa chỉ, ngày, tháng, năm sinh của người được tuyển dụng.",Luật Viên chức 2010,26,Luật Viên chức 2010: 26,"
Trích lại điều luật: Điều 3 Luật Viên chức 2010: 4. Tuyển dụng là việc lựa chọn người có phẩm chất, trình độ và năng lực vào làm viên chức trong đơn vị sự nghiệp công lập.
Suy luận: Theo điều luật này, tuyển dụng bao gồm quá trình lựa chọn người có phẩm chất, trình độ và năng lực vào làm viên chức trong đơn vị sự nghiệp công lập.
Kết luận: Hoàn toàn đúng "
Rev8SuR3fn,Yes,Quyền của nhà giáo là gì? Trả lời: Được giảng dạy theo chuyên môn đào tạo,Luật Giáo dục 2019,70,Luật Giáo dục 2019: 70,"
Trích lại điều luật: Điều 70 Luật Giáo dục 2019
Suy luận: Theo Điều 70 Luật Giáo dục 2019, nhà giáo có quyền được giảng dạy theo chuyên môn đào tạo.
Kết luận: Hoàn Toàn Đúng "
